visit_id,patient_id,admission_date,discharge_date,department
1,1,2026-01-02,2026-01-08,Orthopedics
2,1,2026-02-02,2026-02-08,Neurology
3,2,2026-01-03,2026-01-07,General Medicine
4,2,2026-01-16,2026-01-20,Cardiology
5,2,2026-01-06,2026-01-08,Cardiology
6,3,2026-01-20,2026-01-27,ENT
7,4,2026-02-20,2026-02-21,Orthopedics
8,4,2026-01-24,2026-01-25,Neurology
9,4,2026-02-19,2026-02-24,Orthopedics
10,5,2026-01-03,2026-01-10,Orthopedics
11,6,2026-02-09,2026-02-11,Neurology
12,6,2026-01-28,2026-01-30,Neurology
13,6,2026-01-22,2026-01-29,Orthopedics
14,7,2026-02-10,2026-02-15,ENT
15,8,2026-01-13,2026-01-18,Cardiology
16,8,2026-02-02,2026-02-09,Cardiology
17,9,2026-02-14,2026-02-15,General Medicine
18,9,2026-01-01,2026-01-03,General Medicine
19,9,2026-01-23,2026-01-29,General Medicine
20,10,2026-02-10,2026-02-15,Neurology
21,11,2026-02-28,2026-03-07,ENT
22,12,2026-02-14,2026-02-19,ENT
23,12,2026-03-01,2026-03-03,ENT
24,13,2026-02-07,2026-02-12,General Medicine
25,14,2026-02-05,2026-02-12,General Medicine
26,14,2026-02-13,2026-02-18,Cardiology
27,14,2026-01-22,2026-01-24,General Medicine
28,15,2026-01-23,2026-01-30,Orthopedics
29,16,2026-01-30,2026-02-02,Neurology
30,16,2026-01-14,2026-01-20,General Medicine
31,17,2026-03-01,2026-03-07,General Medicine
32,17,2026-02-13,2026-02-18,Orthopedics
33,18,2026-01-29,2026-02-03,Orthopedics
34,19,2026-02-28,2026-03-05,ENT
35,20,2026-01-22,2026-01-26,Cardiology
36,21,2026-01-06,2026-01-10,Orthopedics
37,21,2026-02-28,2026-03-02,Cardiology
38,21,2026-01-30,2026-02-04,Neurology
39,22,2026-01-06,2026-01-07,Neurology
40,22,2026-02-12,2026-02-15,Orthopedics
41,22,2026-01-15,2026-01-20,General Medicine
42,23,2026-02-03,2026-02-06,Neurology
43,23,2026-02-06,2026-02-11,Neurology
44,24,2026-01-24,2026-01-26,ENT
45,24,2026-02-02,2026-02-03,Orthopedics
46,24,2026-02-15,2026-02-20,General Medicine
47,25,2026-02-23,2026-02-26,Neurology
48,25,2026-01-20,2026-01-24,General Medicine
49,26,2026-02-27,2026-03-04,Orthopedics
50,26,2026-02-05,2026-02-11,Cardiology
51,26,2026-01-19,2026-01-23,Cardiology
52,27,2026-02-14,2026-02-16,ENT
53,27,2026-02-27,2026-03-02,Orthopedics
54,28,2026-02-26,2026-03-05,Neurology
55,28,2026-01-27,2026-01-28,Neurology
56,29,2026-01-28,2026-01-31,Neurology
57,29,2026-01-10,2026-01-11,Orthopedics
58,30,2026-02-17,2026-02-23,ENT
59,30,2026-02-19,2026-02-26,Neurology
60,30,2026-02-21,2026-02-25,Neurology
61,31,2026-01-12,2026-01-17,Neurology
62,32,2026-01-21,2026-01-23,General Medicine
63,32,2026-01-29,2026-02-05,Neurology
64,33,2026-02-28,2026-03-04,Cardiology
65,33,2026-01-18,2026-01-20,ENT
66,33,2026-02-07,2026-02-08,General Medicine
67,34,2026-02-21,2026-02-24,General Medicine
68,35,2026-02-13,2026-02-17,Cardiology
69,35,2026-01-31,2026-02-03,General Medicine
70,35,2026-01-18,2026-01-23,Cardiology
71,36,2026-01-21,2026-01-27,ENT
72,36,2026-02-21,2026-02-26,Orthopedics
73,36,2026-01-27,2026-01-31,Orthopedics
74,37,2026-01-30,2026-02-06,Neurology
75,37,2026-02-10,2026-02-17,ENT
76,37,2026-02-09,2026-02-15,Cardiology
77,38,2026-01-23,2026-01-24,Cardiology
78,38,2026-02-17,2026-02-20,Orthopedics
79,39,2026-01-25,2026-01-31,ENT
80,39,2026-02-20,2026-02-24,Neurology
81,39,2026-03-01,2026-03-02,Orthopedics
82,40,2026-01-01,2026-01-05,Neurology
83,41,2026-03-02,2026-03-05,Orthopedics
84,41,2026-02-19,2026-02-21,Neurology
85,42,2026-02-08,2026-02-11,Orthopedics
86,42,2026-02-10,2026-02-11,Orthopedics
87,43,2026-01-19,2026-01-25,Orthopedics
88,44,2026-01-21,2026-01-26,General Medicine
89,45,2026-01-05,2026-01-10,Orthopedics
90,45,2026-02-14,2026-02-15,ENT
91,45,2026-02-20,2026-02-25,Neurology
92,46,2026-02-09,2026-02-10,Cardiology
93,46,2026-01-29,2026-01-31,ENT
94,46,2026-01-09,2026-01-15,Cardiology
95,47,2026-01-08,2026-01-10,Neurology
96,47,2026-01-09,2026-01-15,ENT
97,47,2026-02-11,2026-02-18,Orthopedics
98,48,2026-01-12,2026-01-13,ENT
99,48,2026-02-23,2026-02-25,Cardiology
100,48,2026-01-14,2026-01-20,ENT
101,49,2026-02-28,2026-03-07,General Medicine
102,49,2026-03-02,2026-03-08,ENT
103,50,2026-01-28,2026-01-30,Neurology
104,51,2026-01-19,2026-01-23,General Medicine
105,51,2026-02-04,2026-02-11,Cardiology
106,51,2026-02-16,2026-02-19,Orthopedics
107,52,2026-01-05,2026-01-07,General Medicine
108,53,2026-01-12,2026-01-18,Neurology
109,53,2026-01-25,2026-01-28,ENT
110,54,2026-01-03,2026-01-08,Orthopedics
111,54,2026-02-22,2026-03-01,Neurology
112,55,2026-03-02,2026-03-09,Orthopedics
113,55,2026-01-14,2026-01-17,ENT
114,56,2026-02-18,2026-02-24,General Medicine
115,57,2026-02-12,2026-02-13,Neurology
116,57,2026-01-11,2026-01-12,Orthopedics
117,57,2026-01-04,2026-01-05,Cardiology
118,58,2026-02-06,2026-02-11,ENT
119,58,2026-02-25,2026-02-27,Neurology
120,58,2026-01-29,2026-02-05,Neurology
121,59,2026-01-05,2026-01-10,General Medicine
122,59,2026-01-11,2026-01-12,ENT
123,60,2026-02-26,2026-02-27,Neurology
124,60,2026-02-18,2026-02-23,Neurology
125,61,2026-01-22,2026-01-25,Orthopedics
126,61,2026-01-23,2026-01-28,General Medicine
127,61,2026-01-27,2026-02-03,ENT
128,62,2026-01-19,2026-01-22,ENT
129,62,2026-02-13,2026-02-14,ENT
130,63,2026-02-05,2026-02-06,Neurology
131,63,2026-01-25,2026-01-26,Orthopedics
132,64,2026-01-06,2026-01-08,Cardiology
133,65,2026-01-30,2026-02-05,Orthopedics
134,65,2026-01-21,2026-01-28,ENT
135,65,2026-01-01,2026-01-05,Cardiology
136,66,2026-01-06,2026-01-08,General Medicine
137,66,2026-03-02,2026-03-09,General Medicine
138,66,2026-01-01,2026-01-07,General Medicine
139,67,2026-02-24,2026-02-27,General Medicine
140,67,2026-01-11,2026-01-13,Neurology
141,67,2026-01-04,2026-01-08,ENT
142,68,2026-01-09,2026-01-15,ENT
143,68,2026-01-30,2026-01-31,ENT
144,69,2026-01-06,2026-01-08,General Medicine
145,70,2026-02-12,2026-02-16,Cardiology
146,70,2026-02-03,2026-02-04,ENT
147,71,2026-01-12,2026-01-18,Neurology
148,71,2026-02-11,2026-02-16,Cardiology
149,71,2026-02-20,2026-02-25,Orthopedics
150,72,2026-02-19,2026-02-22,General Medicine
151,72,2026-01-04,2026-01-10,ENT
152,73,2026-01-09,2026-01-16,Cardiology
153,74,2026-02-19,2026-02-23,ENT
154,74,2026-02-09,2026-02-16,ENT
155,74,2026-02-24,2026-03-01,Neurology
156,75,2026-01-18,2026-01-22,ENT
157,75,2026-01-02,2026-01-06,Orthopedics
158,75,2026-02-02,2026-02-03,ENT
159,76,2026-02-20,2026-02-25,Cardiology
160,77,2026-02-01,2026-02-05,ENT
161,77,2026-02-21,2026-02-28,Cardiology
162,78,2026-02-01,2026-02-05,Cardiology
163,79,2026-02-05,2026-02-07,General Medicine
164,79,2026-01-25,2026-01-30,Neurology
165,79,2026-02-14,2026-02-20,General Medicine
166,80,2026-01-08,2026-01-12,General Medicine
167,80,2026-01-30,2026-02-01,ENT
168,80,2026-02-07,2026-02-13,Neurology
169,81,2026-02-14,2026-02-18,ENT
170,81,2026-01-04,2026-01-05,General Medicine
171,81,2026-01-13,2026-01-20,General Medicine
172,82,2026-01-01,2026-01-08,General Medicine
173,82,2026-03-02,2026-03-03,ENT
174,83,2026-01-06,2026-01-12,ENT
175,84,2026-03-02,2026-03-04,ENT
176,85,2026-01-27,2026-02-02,Orthopedics
177,85,2026-02-25,2026-02-28,ENT
178,86,2026-01-23,2026-01-26,Orthopedics
179,87,2026-01-05,2026-01-08,Cardiology
180,87,2026-01-14,2026-01-20,Neurology
181,88,2026-02-01,2026-02-03,Orthopedics
182,88,2026-02-24,2026-03-03,Cardiology
183,89,2026-02-01,2026-02-04,General Medicine
184,89,2026-01-07,2026-01-08,Orthopedics
185,89,2026-01-10,2026-01-14,Orthopedics
186,90,2026-02-15,2026-02-22,ENT
187,90,2026-01-17,2026-01-19,Cardiology
188,91,2026-01-21,2026-01-22,Neurology
189,91,2026-01-19,2026-01-22,General Medicine
190,91,2026-02-17,2026-02-24,Neurology
191,92,2026-02-22,2026-02-26,Orthopedics
192,93,2026-01-20,2026-01-27,Cardiology
193,93,2026-01-16,2026-01-21,ENT
194,93,2026-01-05,2026-01-08,Orthopedics
195,94,2026-01-04,2026-01-08,Orthopedics
196,95,2026-01-31,2026-02-07,Neurology
197,95,2026-01-31,2026-02-03,Neurology
198,95,2026-02-03,2026-02-04,Cardiology
199,96,2026-02-09,2026-02-10,General Medicine
200,96,2026-01-22,2026-01-27,General Medicine
201,96,2026-01-10,2026-01-15,Cardiology
202,97,2026-01-07,2026-01-08,Orthopedics
203,97,2026-02-23,2026-03-02,Cardiology
204,98,2026-02-05,2026-02-07,Orthopedics
205,98,2026-01-21,2026-01-22,Orthopedics
206,98,2026-02-16,2026-02-17,Neurology
207,99,2026-01-03,2026-01-05,Orthopedics
208,99,2026-01-25,2026-02-01,Neurology
209,99,2026-01-09,2026-01-15,Orthopedics
210,100,2026-02-27,2026-03-06,Orthopedics
211,101,2026-02-16,2026-02-22,ENT
212,101,2026-01-23,2026-01-25,Orthopedics
213,101,2026-02-04,2026-02-10,General Medicine
214,102,2026-01-27,2026-02-01,General Medicine
215,103,2026-01-02,2026-01-06,General Medicine
216,104,2026-01-03,2026-01-08,Orthopedics
217,105,2026-02-28,2026-03-07,Cardiology
218,105,2026-01-04,2026-01-08,Orthopedics
219,105,2026-01-17,2026-01-24,Cardiology
220,106,2026-03-02,2026-03-08,ENT
221,107,2026-01-25,2026-01-29,ENT
222,107,2026-02-02,2026-02-08,ENT
223,107,2026-02-03,2026-02-08,General Medicine
224,108,2026-01-26,2026-01-31,Neurology
225,108,2026-02-22,2026-03-01,Cardiology
226,109,2026-02-23,2026-03-02,Cardiology
227,109,2026-02-23,2026-02-26,General Medicine
228,109,2026-01-29,2026-01-31,Cardiology
229,110,2026-01-15,2026-01-16,General Medicine
230,111,2026-01-23,2026-01-26,General Medicine
231,111,2026-02-15,2026-02-22,ENT
232,111,2026-01-13,2026-01-18,Cardiology
233,112,2026-02-02,2026-02-06,Cardiology
234,112,2026-01-26,2026-02-01,ENT
235,113,2026-02-10,2026-02-11,Neurology
236,113,2026-01-30,2026-02-02,General Medicine
237,113,2026-02-01,2026-02-08,Neurology
238,114,2026-01-04,2026-01-08,ENT
239,114,2026-01-31,2026-02-02,Orthopedics
240,114,2026-01-06,2026-01-08,ENT
241,115,2026-02-26,2026-03-02,Orthopedics
242,115,2026-02-07,2026-02-11,ENT
243,116,2026-02-11,2026-02-16,Neurology
244,116,2026-03-01,2026-03-06,Neurology
245,116,2026-02-21,2026-02-27,ENT
246,117,2026-01-14,2026-01-18,Orthopedics
247,117,2026-02-10,2026-02-14,General Medicine
248,117,2026-01-26,2026-02-02,General Medicine
249,118,2026-01-04,2026-01-11,General Medicine
250,118,2026-02-03,2026-02-04,Cardiology
251,119,2026-02-06,2026-02-12,Cardiology
252,119,2026-02-27,2026-03-02,Neurology
253,120,2026-02-28,2026-03-01,Orthopedics
254,120,2026-02-16,2026-02-17,ENT
255,120,2026-02-03,2026-02-04,ENT
256,121,2026-01-21,2026-01-24,Cardiology
257,121,2026-01-16,2026-01-21,General Medicine
258,121,2026-01-27,2026-01-30,Neurology
259,122,2026-02-03,2026-02-05,Cardiology
260,123,2026-01-18,2026-01-23,General Medicine
261,124,2026-01-11,2026-01-17,Orthopedics
262,124,2026-01-08,2026-01-13,Orthopedics
263,125,2026-01-15,2026-01-22,Neurology
264,125,2026-02-10,2026-02-13,Cardiology
265,125,2026-01-05,2026-01-07,General Medicine
266,126,2026-01-13,2026-01-15,Neurology
267,127,2026-02-16,2026-02-19,Orthopedics
268,127,2026-02-05,2026-02-07,Orthopedics
269,127,2026-02-01,2026-02-02,Orthopedics
270,128,2026-01-26,2026-02-01,General Medicine
271,129,2026-02-21,2026-02-28,General Medicine
272,129,2026-01-31,2026-02-07,Cardiology
273,130,2026-02-20,2026-02-25,General Medicine
274,130,2026-02-13,2026-02-15,Neurology
275,131,2026-02-21,2026-02-23,General Medicine
276,131,2026-01-17,2026-01-21,Neurology
277,131,2026-01-12,2026-01-14,General Medicine
278,132,2026-01-08,2026-01-11,Cardiology
279,133,2026-01-12,2026-01-13,Orthopedics
280,133,2026-01-05,2026-01-09,ENT
281,133,2026-02-26,2026-02-28,Cardiology
282,134,2026-02-23,2026-03-01,General Medicine
283,135,2026-01-17,2026-01-23,Cardiology
284,135,2026-02-22,2026-02-27,ENT
285,136,2026-01-20,2026-01-21,Cardiology
286,137,2026-02-08,2026-02-15,ENT
287,137,2026-01-18,2026-01-23,Cardiology
288,137,2026-01-21,2026-01-22,Cardiology
289,138,2026-02-25,2026-02-27,Neurology
290,139,2026-01-18,2026-01-23,General Medicine
291,140,2026-01-31,2026-02-05,ENT
292,140,2026-03-02,2026-03-06,Orthopedics
293,140,2026-02-17,2026-02-22,Cardiology
294,141,2026-01-18,2026-01-21,ENT
295,141,2026-01-14,2026-01-18,Neurology
296,142,2026-02-19,2026-02-22,ENT
297,142,2026-01-18,2026-01-23,ENT
298,143,2026-01-26,2026-01-31,General Medicine
299,143,2026-01-05,2026-01-09,Orthopedics
300,144,2026-02-05,2026-02-07,General Medicine
301,145,2026-01-11,2026-01-17,Orthopedics
302,145,2026-02-03,2026-02-06,General Medicine
303,146,2026-02-12,2026-02-17,ENT
304,146,2026-02-03,2026-02-06,Orthopedics
305,147,2026-01-29,2026-02-04,Orthopedics
306,147,2026-01-23,2026-01-24,General Medicine
307,147,2026-01-09,2026-01-12,ENT
308,148,2026-01-15,2026-01-22,ENT
309,148,2026-01-08,2026-01-15,Neurology
310,148,2026-01-01,2026-01-04,Neurology
311,149,2026-01-12,2026-01-13,General Medicine
312,149,2026-02-16,2026-02-22,Neurology
313,150,2026-02-16,2026-02-19,General Medicine
314,151,2026-01-20,2026-01-23,Orthopedics
315,151,2026-01-30,2026-02-01,Neurology
316,151,2026-01-20,2026-01-23,Neurology
317,152,2026-01-30,2026-02-03,Neurology
318,153,2026-01-19,2026-01-23,Neurology
319,153,2026-01-04,2026-01-10,Neurology
320,153,2026-01-19,2026-01-22,General Medicine
321,154,2026-01-25,2026-01-30,Neurology
322,155,2026-02-20,2026-02-22,General Medicine
323,155,2026-02-28,2026-03-05,ENT
324,156,2026-02-02,2026-02-03,Cardiology
325,156,2026-02-16,2026-02-23,ENT
326,157,2026-01-08,2026-01-10,Neurology
327,157,2026-02-09,2026-02-11,Neurology
328,157,2026-02-07,2026-02-14,General Medicine
329,158,2026-02-01,2026-02-04,ENT
330,159,2026-02-12,2026-02-17,Neurology
331,159,2026-01-27,2026-01-29,General Medicine
332,159,2026-01-21,2026-01-23,Neurology
333,160,2026-02-01,2026-02-05,Neurology
334,160,2026-01-12,2026-01-19,Orthopedics
335,160,2026-01-30,2026-02-03,General Medicine
336,161,2026-02-28,2026-03-02,Cardiology
337,161,2026-02-18,2026-02-20,ENT
338,162,2026-02-11,2026-02-18,General Medicine
339,162,2026-01-17,2026-01-24,Orthopedics
340,163,2026-02-15,2026-02-18,General Medicine
341,163,2026-02-04,2026-02-11,Neurology
342,163,2026-02-17,2026-02-22,General Medicine
343,164,2026-03-02,2026-03-06,Neurology
344,165,2026-01-18,2026-01-22,Cardiology
345,165,2026-02-08,2026-02-12,Cardiology
346,166,2026-02-17,2026-02-21,Neurology
347,166,2026-01-24,2026-01-25,Neurology
348,167,2026-01-14,2026-01-15,General Medicine
349,167,2026-02-14,2026-02-15,Orthopedics
350,167,2026-02-06,2026-02-13,Neurology
351,168,2026-02-18,2026-02-24,ENT
352,168,2026-01-11,2026-01-13,ENT
353,169,2026-01-29,2026-02-02,Orthopedics
354,169,2026-01-09,2026-01-16,Orthopedics
355,169,2026-01-01,2026-01-07,Neurology
356,170,2026-02-27,2026-03-04,General Medicine
357,171,2026-01-27,2026-02-03,ENT
358,171,2026-02-02,2026-02-05,General Medicine
359,171,2026-01-06,2026-01-10,Neurology
360,172,2026-01-15,2026-01-19,Neurology
361,172,2026-01-31,2026-02-04,Neurology
362,172,2026-02-02,2026-02-07,General Medicine
363,173,2026-01-01,2026-01-08,ENT
364,173,2026-02-25,2026-03-04,General Medicine
365,174,2026-02-23,2026-02-27,Neurology
366,174,2026-01-17,2026-01-21,ENT
367,174,2026-01-03,2026-01-05,Orthopedics
368,175,2026-02-17,2026-02-23,Orthopedics
369,176,2026-01-09,2026-01-11,Orthopedics
370,176,2026-01-09,2026-01-10,Neurology
371,177,2026-02-11,2026-02-14,Cardiology
372,177,2026-02-03,2026-02-06,Cardiology
373,177,2026-01-15,2026-01-19,ENT
374,178,2026-02-08,2026-02-12,General Medicine
375,178,2026-01-06,2026-01-09,Orthopedics
376,179,2026-01-22,2026-01-26,General Medicine
377,180,2026-01-07,2026-01-09,Orthopedics
378,180,2026-01-17,2026-01-18,Orthopedics
379,181,2026-02-03,2026-02-06,General Medicine
380,181,2026-02-01,2026-02-06,Orthopedics
381,182,2026-02-15,2026-02-19,General Medicine
382,183,2026-01-22,2026-01-28,Cardiology
383,184,2026-02-01,2026-02-02,General Medicine
384,184,2026-02-15,2026-02-18,General Medicine
385,185,2026-01-06,2026-01-13,ENT
386,186,2026-02-20,2026-02-26,Cardiology
387,186,2026-01-31,2026-02-07,ENT
388,187,2026-01-02,2026-01-07,Orthopedics
389,187,2026-02-15,2026-02-17,Cardiology
390,187,2026-02-24,2026-03-03,Orthopedics
391,188,2026-02-27,2026-03-04,Cardiology
392,188,2026-02-18,2026-02-21,Neurology
393,188,2026-01-22,2026-01-26,Cardiology
394,189,2026-01-20,2026-01-24,Orthopedics
395,190,2026-02-07,2026-02-14,ENT
396,190,2026-01-18,2026-01-25,Orthopedics
397,190,2026-02-24,2026-03-01,Cardiology
398,191,2026-02-25,2026-03-01,Orthopedics
399,192,2026-01-15,2026-01-16,Neurology
400,192,2026-01-12,2026-01-19,Neurology
401,193,2026-02-16,2026-02-23,Orthopedics
402,194,2026-02-01,2026-02-03,ENT
403,194,2026-02-25,2026-02-28,Orthopedics
404,195,2026-01-12,2026-01-14,ENT
405,195,2026-01-23,2026-01-28,General Medicine
406,195,2026-02-06,2026-02-12,Cardiology
407,196,2026-02-16,2026-02-20,Cardiology
408,196,2026-02-19,2026-02-23,General Medicine
409,196,2026-03-01,2026-03-03,Neurology
410,197,2026-02-15,2026-02-17,Neurology
411,197,2026-01-04,2026-01-11,ENT
412,198,2026-02-21,2026-02-28,Neurology
413,199,2026-02-23,2026-02-27,Neurology
414,200,2026-02-07,2026-02-11,Neurology
